name,tagline,similar_products
Fundraisly,AI fundraising agent that finds investors and books meetings,Lyncbuild; ConsultFlow AI; DcernX
Brew ,Like Claude design for email marketing,FloatPic; Ideogram 4.0; Lumo Studios
StoreClaw,Grow your store profits with agents that know how to sell,Leni; Veltrix AI; Minimi
PollyReach,Give your agent a real number and voice to make calls.,Agent Mode on Arena; FloatPic; Minimi
Unabyss,MCP-native self-updating context layer for your AI,Agent Mode on Arena; FloatPic; Minimi
RankSpot,AI SEO Blog driven by deep competitor intelligence,signalqub; SEOzapp; Orbits
own.page,Make your own personal website with bento tiles,Warpnet; Facebook Like & Comment Hider; Slambook — slamea a tus amigos
OpenHuman,An open source AI harness built with the human in mind,Agent Mode on Arena; FloatPic; Minimi
mailX by mailwarm,Email deliverability toolkit for humans and AI agents,NotifyKit; Mizzle Mail; FlowMarket
Pancake,OpenClaw in Slack that makes your company autonomous,RouteForms; Halftime; Wolf 
Spellar 3.0,AI Meeting companion with cross-meeting memory,Agent Mode on Arena; FloatPic; Minimi
SocLeads 3.0,Scrape emails from socials and maps by location,NotifyKit; Mizzle Mail; FlowMarket
Mailwarm 2.0,The email warmup tool; upgraded for deliverability.,NotifyKit; Mizzle Mail; FlowMarket
Tycoon AI ,Run one-person companies entirely with AI agents,signalqub; SEOzapp; Orbits
Shadow 2.0,The work your meetings create; done before they end,Agent Mode on Arena; FloatPic; Minimi
articuler.ai,Describe your goal. Meet the right professional.,Warpnet; Facebook Like & Comment Hider; SideCrews — Find Your Crew
Naptick AI,Al sleep companion that helps fall asleep without struggle,Treadmill Pro; The Interactive Radiology Report; Fastest Food Recognition & Nutrition API
Kelviq,Payments; tax; and billing for SaaS & AI companies,SplitBro; Blitswift; Fast Shop
Stitch 3.0 by Google,Generate and iterate UI screens with AI on a live canvas,FloatPic; Ideogram 4.0; Lumo Studios
Elentaria,Your GTM: from diagnosis to execution,Quarterdeck AI; Contact In Pro; signalqub
SellerClaw,A team of AI agents that runs your stores across channels,Draftlytic; Outline; Koalary
InsForge Backend Branching,Git style branching for your backend,FluidDocs Deck Builder; Timmy-TUI ; North Mini Code
Publora,A publishing API for agents to post on 10 social platforms,EndpointMe; Olyx; Tabstack Structured Extraction
Bond,The AI to-do list that does itself,HyperSleep; ShellMate; Qursor
